{"cameraMode":{"drawMode":0,"name":"Shaded","section":"Shading Mode"},"sceneLighting":false,"audioPlay":false,"sceneViewState":{"showFog":true,"showMaterialUpdate":false,"showSkybox":false,"showFlares":true,"showImageEffects":true,"showParticleSystems":true},"in2DMode":false,"pivot":{"x":0.0033874809741973879,"y":1.948890209197998,"z":0.0},"rotation":{"x":0.12881441414356233,"y":-0.04578758403658867,"z":0.0059544420801103119,"w":0.9906096458435059},"size":1.145919680595398,"orthographic":true}