{"cameraMode":{"drawMode":0,"name":"Shaded","section":"Shading Mode"},"sceneLighting":false,"audioPlay":false,"sceneViewState":{"showFog":true,"showMaterialUpdate":false,"showSkybox":false,"showFlares":true,"showImageEffects":true,"showParticleSystems":true},"in2DMode":false,"pivot":{"x":0.16572809219360352,"y":0.33042633533477785,"z":-0.00210002064704895},"rotation":{"x":0.30809926986694338,"y":0.6279020309448242,"z":-0.2977890968322754,"w":0.6497548222541809},"size":0.6587347388267517,"orthographic":true}