{"cameraMode":{"drawMode":0,"name":"Shaded","section":"Shading Mode"},"sceneLighting":false,"audioPlay":false,"sceneViewState":{"showFog":true,"showMaterialUpdate":false,"showSkybox":false,"showFlares":true,"showImageEffects":true,"showParticleSystems":true},"in2DMode":false,"pivot":{"x":0.002099961042404175,"y":0.35964924097061159,"z":-0.08543895184993744},"rotation":{"x":0.10507804900407791,"y":0.0271577388048172,"z":-0.002885078312829137,"w":0.9941123723983765},"size":0.8487762212753296,"orthographic":true}